{
  "grids":[
    {
      "id":0,
      "startpoint":[-80.572567,37.18,100],
      "rings":[[-80.572567,37.18,100],[-80.582567,37.18,200],[-80.572567,37.18,300],[-80.572567,37.18,400],[-80.572,37.185,400],[-80.573,37.185,400]],
      "linewidth":[1,2,2,1],
      "color":[1,2,3,4]
    },
    {
      "id":1,
      "startpoint":[-80.572567,37.18,100],
      "rings":[[-80.572567,37.18,100],[-80.572567,37.38,200],[-80.572567,37.48,150],[-80.572567,37.38,400]],
      "linewidth":[1,2,2,1],
      "color":[1,2,3,4]
    }
  ]
}
